Bandara,Tahun,Bulan,Keberangkatan,Kedatangan,Transit
Hasanudin-Makassar,2019,Agustus,291482,428627,190389
Hasanudin-Makassar,2019,April,246228,362586,153915
Hasanudin-Makassar,2019,Desember,291897,466452,190282
Hasanudin-Makassar,2019,Februari,242539,344573,152679
Hasanudin-Makassar,2019,Januari,299845,409072,185683
Hasanudin-Makassar,2019,Juli,307516,437249,202310
Hasanudin-Makassar,2019,Juni,306475,423338,178546
Hasanudin-Makassar,2019,Maret,261757,394216,173459
Hasanudin-Makassar,2019,Mei,221716,353262,161119
Hasanudin-Makassar,2019,November,299358,448377,195082
Hasanudin-Makassar,2019,Oktober,295343,446677,188053
Hasanudin-Makassar,2019,September,289609,426396,182261
Hasanudin-Makassar,2020,Agustus,134043,236057,118438
Hasanudin-Makassar,2020,April,49046,75368,35023
Hasanudin-Makassar,2020,Desember,194363,359709,161346
Hasanudin-Makassar,2020,Februari,273885,398169,172643
Hasanudin-Makassar,2020,Januari,308503,408051,170672
Hasanudin-Makassar,2020,Juli,79957,163658,83239
Hasanudin-Makassar,2020,Juni,40508,80713,40275
Hasanudin-Makassar,2020,Maret,230917,353110,144716
Hasanudin-Makassar,2020,Mei,6663,5929,2084
Hasanudin-Makassar,2020,November,193428,334355,160330
Hasanudin-Makassar,2020,Oktober,156486,264948,121914
Hasanudin-Makassar,2020,September,129773,230064,108788
Hasanudin-Makassar,2021,Agustus,66276,132268,74964
Hasanudin-Makassar,2021,April,175885,304400,148947
Hasanudin-Makassar,2021,Desember,182396,365425,182257
Hasanudin-Makassar,2021,Februari,128429,215024,109058
Hasanudin-Makassar,2021,Januari,163992,250579,128245
Hasanudin-Makassar,2021,Juli,73783,126896,58904
Hasanudin-Makassar,2021,Juni,210516,381216,182748
Hasanudin-Makassar,2021,Maret,166182,287543,137127
Hasanudin-Makassar,2021,Mei,142954,261010,120748
Hasanudin-Makassar,2021,November,182441,361144,197323
Hasanudin-Makassar,2021,Oktober,159016,321096,184009
Hasanudin-Makassar,2021,September,112102,227611,134208
Hasanudin-Makassar,2022,Agustus,201465,366130,192633
Hasanudin-Makassar,2022,April,179676,364710,181140
Hasanudin-Makassar,2022,Desember,216028,436667,218347
Hasanudin-Makassar,2022,Februari,156830,286631,146100
Hasanudin-Makassar,2022,Januari,211736,359032,178639
Hasanudin-Makassar,2022,Juli,246482,434486,211078
Hasanudin-Makassar,2022,Juni,229651,428603,206138
Hasanudin-Makassar,2022,Maret,219928,406941,204046
Hasanudin-Makassar,2022,Mei,275356,458467,207893
Hasanudin-Makassar,2022,November,211856,397893,208470
Hasanudin-Makassar,2022,Oktober,210265,390243,199010
Hasanudin-Makassar,2022,September,193865,344336,172567
Hasanudin-Makassar,2023,Agustus,225646,402675,191906
Hasanudin-Makassar,2023,April,214910,404961,184699
Hasanudin-Makassar,2023,Desember,222794,437363,202079
Hasanudin-Makassar,2023,Februari,201365,359886,179863
Hasanudin-Makassar,2023,Januari,231757,387684,189447
Hasanudin-Makassar,2023,Juli,290263,470223,219993
Hasanudin-Makassar,2023,Juni,224750,439612,200765
Hasanudin-Makassar,2023,Maret,226555,407844,197130
Hasanudin-Makassar,2023,Mei,266986,463220,221587
Hasanudin-Makassar,2023,November,224648,409083,199110
Hasanudin-Makassar,2023,Oktober,229759,415679,201105
Hasanudin-Makassar,2023,September,223066,396091,189791
Hasanudin-Makassar,2024,Agustus,242746,398942,164582
Hasanudin-Makassar,2024,April,267090,429960,169313
Hasanudin-Makassar,2024,Desember,246126,437912,167529
Hasanudin-Makassar,2024,Februari,197691,309895,130643
Hasanudin-Makassar,2024,Januari,226312,358450,161742
Hasanudin-Makassar,2024,Juli,279344,434884,181815
Hasanudin-Makassar,2024,Juni,233781,404828,159035
Hasanudin-Makassar,2024,Maret,196465,344151,153344
Hasanudin-Makassar,2024,Mei,232896,373186,160024
Hasanudin-Makassar,2024,November,208352,348383,147066
Hasanudin-Makassar,2024,Oktober,229525,391830,168637
Hasanudin-Makassar,2024,September,237863,385734,162566
Hasanudin-Makassar,2025,Agustus,245200,382539,144175
Hasanudin-Makassar,2025,April,284804,392581,138700
Hasanudin-Makassar,2025,Desember,244864,441187,172029
Hasanudin-Makassar,2025,Februari,214952,326438,122301
Hasanudin-Makassar,2025,Januari,256929,365213,134086
Hasanudin-Makassar,2025,Juli,275290,412096,159378
Hasanudin-Makassar,2025,Juni,246596,386500,142435
Hasanudin-Makassar,2025,Maret,191033,337970,120545
Hasanudin-Makassar,2025,Mei,207495,333062,123654
Hasanudin-Makassar,2025,November,249881,413138,170003
Hasanudin-Makassar,2025,Oktober,257342,415696,168870
Hasanudin-Makassar,2025,September,236890,366636,138434
Juanda-Surabaya,2019,Agustus,541273,641729,81665
Juanda-Surabaya,2019,April,443457,520438,55470
Juanda-Surabaya,2019,Desember,574001,661927,77417
Juanda-Surabaya,2019,Februari,473070,531172,52868
Juanda-Surabaya,2019,Januari,560242,609470,70494
Juanda-Surabaya,2019,Juli,620237,604344,71074
Juanda-Surabaya,2019,Juni,607024,626041,52710
Juanda-Surabaya,2019,Maret,481147,548463,64527
Juanda-Surabaya,2019,Mei,378933,537619,54457
Juanda-Surabaya,2019,November,549010,632043,81769
Juanda-Surabaya,2019,Oktober,543876,621606,79792
Juanda-Surabaya,2019,September,516321,576087,76985
Juanda-Surabaya,2020,Agustus,186467,203679,35707
Juanda-Surabaya,2020,April,97748,120498,17683
Juanda-Surabaya,2020,Desember,244579,314422,42781
Juanda-Surabaya,2020,Februari,481881,543606,65249
Juanda-Surabaya,2020,Januari,553747,595683,68844
Juanda-Surabaya,2020,Juli,121240,175638,30843
Juanda-Surabaya,2020,Juni,64137,80239,10987
Juanda-Surabaya,2020,Maret,408725,458981,64552
Juanda-Surabaya,2020,Mei,5397,9261,246
Juanda-Surabaya,2020,November,238036,277101,43002
Juanda-Surabaya,2020,Oktober,182889,223074,32381
Juanda-Surabaya,2020,September,162402,180097,28941
Juanda-Surabaya,2021,Agustus,97491,94541,14751
Juanda-Surabaya,2021,April,219430,315713,36919
Juanda-Surabaya,2021,Desember,305669,351369,58606
Juanda-Surabaya,2021,Februari,152366,170249,18637
Juanda-Surabaya,2021,Januari,189560,194771,28645
Juanda-Surabaya,2021,Juli,74127,79174,14088
Juanda-Surabaya,2021,Juni,346782,350456,67254
Juanda-Surabaya,2021,Maret,198457,251562,36137
Juanda-Surabaya,2021,Mei,210700,265293,31458
Juanda-Surabaya,2021,November,278750,342937,68151
Juanda-Surabaya,2021,Oktober,231536,286334,54536
Juanda-Surabaya,2021,September,166499,194122,34406
Juanda-Surabaya,2022,Agustus,346118,390643,57435
Juanda-Surabaya,2022,April,285101,392176,33198
Juanda-Surabaya,2022,Desember,413988,463268,63590
Juanda-Surabaya,2022,Februari,220164,267975,44512
Juanda-Surabaya,2022,Januari,301152,357877,57684
Juanda-Surabaya,2022,Juli,447785,472767,65584
Juanda-Surabaya,2022,Juni,404070,451275,65942
Juanda-Surabaya,2022,Maret,319093,385013,57028
Juanda-Surabaya,2022,Mei,501021,479579,46362
Juanda-Surabaya,2022,November,371289,413092,57352
Juanda-Surabaya,2022,Oktober,367656,416598,58140
Juanda-Surabaya,2022,September,339071,384402,49916
Juanda-Surabaya,2023,Agustus,416647,494967,72688
Juanda-Surabaya,2023,April,387112,513523,47149
Juanda-Surabaya,2023,Desember,446702,501797,62328
Juanda-Surabaya,2023,Februari,364358,435238,59220
Juanda-Surabaya,2023,Januari,408885,445090,62828
Juanda-Surabaya,2023,Juli,521681,534559,73445
Juanda-Surabaya,2023,Juni,440885,525460,76344
Juanda-Surabaya,2023,Maret,387720,468376,65281
Juanda-Surabaya,2023,Mei,551152,517893,74862
Juanda-Surabaya,2023,November,417901,472146,72404
Juanda-Surabaya,2023,Oktober,448181,499884,70978
Juanda-Surabaya,2023,September,415522,486655,70295
Juanda-Surabaya,2024,Agustus,431557,509346,64610
Juanda-Surabaya,2024,April,498901,570889,37454
Juanda-Surabaya,2024,Desember,483006,519387,31124
Juanda-Surabaya,2024,Februari,357400,433919,51253
Juanda-Surabaya,2024,Januari,407656,431195,53584
Juanda-Surabaya,2024,Juli,519012,526993,62415
Juanda-Surabaya,2024,Juni,448073,525882,59261
Juanda-Surabaya,2024,Maret,356325,433316,51366
Juanda-Surabaya,2024,Mei,498862,446800,56380
Juanda-Surabaya,2024,November,399840,437405,52788
Juanda-Surabaya,2024,Oktober,441084,484438,51197
Juanda-Surabaya,2024,September,435594,486022,58290
Juanda-Surabaya,2025,Agustus,410053,459763,40659
Juanda-Surabaya,2025,April,547792,480005,28873
Juanda-Surabaya,2025,Desember,451273,503482,50738
Juanda-Surabaya,2025,Februari,370212,413403,28703
Juanda-Surabaya,2025,Januari,423030,456144,43649
Juanda-Surabaya,2025,Juli,477947,483527,43472
Juanda-Surabaya,2025,Juni,437609,487662,42261
Juanda-Surabaya,2025,Maret,320471,455309,24789
Juanda-Surabaya,2025,Mei,434106,410821,41367
Juanda-Surabaya,2025,November,395477,418524,44256
Juanda-Surabaya,2025,Oktober,458366,490801,45406
Juanda-Surabaya,2025,September,402203,436586,35895
Kualanamu-Medan,2019,Agustus,225363,247912,26587
Kualanamu-Medan,2019,April,195395,203173,22119
Kualanamu-Medan,2019,Desember,220846,304154,25834
Kualanamu-Medan,2019,Februari,198871,209554,19015
Kualanamu-Medan,2019,Januari,280839,260409,27176
Kualanamu-Medan,2019,Juli,236009,253864,27014
Kualanamu-Medan,2019,Juni,245820,251732,22560
Kualanamu-Medan,2019,Maret,202298,239181,24417
Kualanamu-Medan,2019,Mei,155731,196741,16822
Kualanamu-Medan,2019,November,229847,253826,23537
Kualanamu-Medan,2019,Oktober,225484,250395,24742
Kualanamu-Medan,2019,September,214364,232768,20680
Kualanamu-Medan,2020,Agustus,89451,94111,11448
Kualanamu-Medan,2020,April,29386,49651,7265
Kualanamu-Medan,2020,Desember,133574,199431,16642
Kualanamu-Medan,2020,Februari,227602,240259,23756
Kualanamu-Medan,2020,Januari,288819,262438,24676
Kualanamu-Medan,2020,Juli,62904,79593,9818
Kualanamu-Medan,2020,Juni,28567,37969,4777
Kualanamu-Medan,2020,Maret,172348,219655,24593
Kualanamu-Medan,2020,Mei,3593,3383,23
Kualanamu-Medan,2020,November,116956,126622,12681
Kualanamu-Medan,2020,Oktober,85663,97835,9531
Kualanamu-Medan,2020,September,74638,84260,8869
Kualanamu-Medan,2021,Agustus,49711,59271,10177
Kualanamu-Medan,2021,April,119306,141026,15326
Kualanamu-Medan,2021,Desember,161457,228391,18605
Kualanamu-Medan,2021,Februari,100191,106106,9817
Kualanamu-Medan,2021,Januari,157614,124317,15666
Kualanamu-Medan,2021,Juli,51362,58880,6753
Kualanamu-Medan,2021,Juni,150762,165517,22559
Kualanamu-Medan,2021,Maret,122498,134687,14384
Kualanamu-Medan,2021,Mei,104644,125864,17121
Kualanamu-Medan,2021,November,143606,159706,17676
Kualanamu-Medan,2021,Oktober,116465,126287,12212
Kualanamu-Medan,2021,September,80935,85734,10825
Kualanamu-Medan,2022,Agustus,193350,196022,15671
Kualanamu-Medan,2022,April,166129,196820,11569
Kualanamu-Medan,2022,Desember,198739,268705,17487
Kualanamu-Medan,2022,Februari,137536,142432,13858
Kualanamu-Medan,2022,Januari,225304,194485,18835
Kualanamu-Medan,2022,Juli,230623,233543,20300
Kualanamu-Medan,2022,Juni,217171,243783,20676
Kualanamu-Medan,2022,Maret,177348,194290,20300
Kualanamu-Medan,2022,Mei,245423,224658,14919
Kualanamu-Medan,2022,November,188598,203033,16463
Kualanamu-Medan,2022,Oktober,189447,200496,13612
Kualanamu-Medan,2022,September,179483,187938,12615
Kualanamu-Medan,2023,Agustus,209408,215767,18646
Kualanamu-Medan,2023,April,209681,242933,20106
Kualanamu-Medan,2023,Desember,187584,254894,17398
Kualanamu-Medan,2023,Februari,190693,199003,19834
Kualanamu-Medan,2023,Januari,255263,225371,17978
Kualanamu-Medan,2023,Juli,248679,248374,23589
Kualanamu-Medan,2023,Juni,216748,259573,24114
Kualanamu-Medan,2023,Maret,197738,228797,20181
Kualanamu-Medan,2023,Mei,251463,247289,24974
Kualanamu-Medan,2023,November,187237,206055,20162
Kualanamu-Medan,2023,Oktober,197989,208016,16286
Kualanamu-Medan,2023,September,190778,203850,16668
Kualanamu-Medan,2024,Agustus,190270,189341,7418
Kualanamu-Medan,2024,April,230344,225678,13219
Kualanamu-Medan,2024,Desember,188929,244967,8199
Kualanamu-Medan,2024,Februari,178374,179372,14430
Kualanamu-Medan,2024,Januari,225772,198706,16630
Kualanamu-Medan,2024,Juli,216423,214016,10371
Kualanamu-Medan,2024,Juni,190287,202336,10270
Kualanamu-Medan,2024,Maret,158265,184836,13299
Kualanamu-Medan,2024,Mei,191394,192714,12690
Kualanamu-Medan,2024,November,167498,176016,6302
Kualanamu-Medan,2024,Oktober,177282,183763,6572
Kualanamu-Medan,2024,September,205372,206099,8818
Kualanamu-Medan,2025,Agustus,185075,179491,5205
Kualanamu-Medan,2025,April,231530,201659,7952
Kualanamu-Medan,2025,Desember,176338,225298,7380
Kualanamu-Medan,2025,Februari,172982,160829,5881
Kualanamu-Medan,2025,Januari,229419,204684,9191
Kualanamu-Medan,2025,Juli,210656,204673,6776
Kualanamu-Medan,2025,Juni,188617,192660,5330
Kualanamu-Medan,2025,Maret,153608,192953,5710
Kualanamu-Medan,2025,Mei,169183,170569,5932
Kualanamu-Medan,2025,November,171338,182276,6303
Kualanamu-Medan,2025,Oktober,187469,190199,5434
Kualanamu-Medan,2025,September,172751,172193,5087
Ngurah Rai-Bali,2019,Agustus,480603,483918,30794
Ngurah Rai-Bali,2019,April,364220,371964,27255
Ngurah Rai-Bali,2019,Desember,450458,508853,30433
Ngurah Rai-Bali,2019,Februari,357076,363919,29264
Ngurah Rai-Bali,2019,Januari,428629,377116,2831
Ngurah Rai-Bali,2019,Juli,459284,454042,35495
Ngurah Rai-Bali,2019,Juni,460273,457417,38380
Ngurah Rai-Bali,2019,Maret,369930,368981,29718
Ngurah Rai-Bali,2019,Mei,289400,295317,27603
Ngurah Rai-Bali,2019,November,435288,433349,33990
Ngurah Rai-Bali,2019,Oktober,435861,441304,34961
Ngurah Rai-Bali,2019,September,424781,418339,31747
Ngurah Rai-Bali,2020,Agustus,83260,86225,2632
Ngurah Rai-Bali,2020,April,44122,29193,8310
Ngurah Rai-Bali,2020,Desember,161346,228945,13657
Ngurah Rai-Bali,2020,Februari,346962,346328,31342
Ngurah Rai-Bali,2020,Januari,453130,390425,29900
Ngurah Rai-Bali,2020,Juli,41375,35802,68
Ngurah Rai-Bali,2020,Juni,11396,6446,602
Ngurah Rai-Bali,2020,Maret,253517,228835,31038
Ngurah Rai-Bali,2020,Mei,2423,2673,3
Ngurah Rai-Bali,2020,November,169655,170247,11009
Ngurah Rai-Bali,2020,Oktober,99469,121696,9798
Ngurah Rai-Bali,2020,September,80930,88588,7570
Ngurah Rai-Bali,2021,Agustus,47409,42446,108
Ngurah Rai-Bali,2021,April,142344,151024,13683
Ngurah Rai-Bali,2021,Desember,318264,353906,147
Ngurah Rai-Bali,2021,Februari,71105,77693,8225
Ngurah Rai-Bali,2021,Januari,118965,83380,9762
Ngurah Rai-Bali,2021,Juli,49999,32135,624
Ngurah Rai-Bali,2021,Juni,225671,229924,7321
Ngurah Rai-Bali,2021,Maret,116888,134561,12624
Ngurah Rai-Bali,2021,Mei,121441,139942,8617
Ngurah Rai-Bali,2021,November,274179,279160,2289
Ngurah Rai-Bali,2021,Oktober,224887,236847,2656
Ngurah Rai-Bali,2021,September,113912,120066,961
Ngurah Rai-Bali,2022,Agustus,341349,356501,17500
Ngurah Rai-Bali,2022,April,224687,244839,912
Ngurah Rai-Bali,2022,Desember,388008,454652,17194
Ngurah Rai-Bali,2022,Februari,191034,193436,6
Ngurah Rai-Bali,2022,Januari,317662,280455,99
Ngurah Rai-Bali,2022,Juli,408296,386949,990
Ngurah Rai-Bali,2022,Juni,362418,383114,71
Ngurah Rai-Bali,2022,Maret,290652,283801,131
Ngurah Rai-Bali,2022,Mei,395423,376693,227
Ngurah Rai-Bali,2022,November,317266,339073,17702
Ngurah Rai-Bali,2022,Oktober,341780,352200,18718
Ngurah Rai-Bali,2022,September,299634,327148,16415
Ngurah Rai-Bali,2023,Agustus,427258,444487,19436
Ngurah Rai-Bali,2023,April,332329,378618,21412
Ngurah Rai-Bali,2023,Desember,429996,493653,20726
Ngurah Rai-Bali,2023,Februari,299968,324185,15746
Ngurah Rai-Bali,2023,Januari,395530,348284,14044
Ngurah Rai-Bali,2023,Juli,489801,483821,20458
Ngurah Rai-Bali,2023,Juni,423745,463368,22035
Ngurah Rai-Bali,2023,Maret,329969,350276,23567
Ngurah Rai-Bali,2023,Mei,380661,397549,26495
Ngurah Rai-Bali,2023,November,386832,409860,19593
Ngurah Rai-Bali,2023,Oktober,435834,437874,19408
Ngurah Rai-Bali,2023,September,389220,423011,19416
Ngurah Rai-Bali,2024,Agustus,450506,463714,19940
Ngurah Rai-Bali,2024,April,386965,417229,26973
Ngurah Rai-Bali,2024,Desember,400576,459066,17605
Ngurah Rai-Bali,2024,Februari,355648,377460,15929
Ngurah Rai-Bali,2024,Januari,404413,364582,16569
Ngurah Rai-Bali,2024,Juli,456189,468573,20673
Ngurah Rai-Bali,2024,Juni,395723,424236,17576
Ngurah Rai-Bali,2024,Maret,302332,306271,17786
Ngurah Rai-Bali,2024,Mei,413208,433149,21207
Ngurah Rai-Bali,2024,November,343317,354045,13696
Ngurah Rai-Bali,2024,Oktober,386797,406344,18242
Ngurah Rai-Bali,2024,September,423374,427090,17640
Ngurah Rai-Bali,2025,Agustus,426426,420818,15133
Ngurah Rai-Bali,2025,April,366633,374022,21481
Ngurah Rai-Bali,2025,Desember,372049,423023,10776
Ngurah Rai-Bali,2025,Februari,294228,298983,14471
Ngurah Rai-Bali,2025,Januari,403745,366265,13461
Ngurah Rai-Bali,2025,Juli,433166,440356,17220
Ngurah Rai-Bali,2025,Juni,370098,394644,16056
Ngurah Rai-Bali,2025,Maret,236620,264567,17952
Ngurah Rai-Bali,2025,Mei,345349,365836,15789
Ngurah Rai-Bali,2025,November,333512,340489,10669
Ngurah Rai-Bali,2025,Oktober,366572,380917,13508
Ngurah Rai-Bali,2025,September,362186,373447,17689
Soekarno Hatta-Jakarta,2019,Agustus,1714643,1744969,41870
Soekarno Hatta-Jakarta,2019,April,1403186,1449256,38903
Soekarno Hatta-Jakarta,2019,Desember,1870092,1785044,53853
Soekarno Hatta-Jakarta,2019,Februari,1427000,1393713,41828
Soekarno Hatta-Jakarta,2019,Januari,1569630,1589946,39349
Soekarno Hatta-Jakarta,2019,Juli,1749777,1766005,61424
Soekarno Hatta-Jakarta,2019,Juni,1568669,1705536,60663
Soekarno Hatta-Jakarta,2019,Maret,1538314,1458751,40472
Soekarno Hatta-Jakarta,2019,Mei,1276006,1341301,42042
Soekarno Hatta-Jakarta,2019,November,1778862,1798426,54212
Soekarno Hatta-Jakarta,2019,Oktober,1738571,1765701,52914
Soekarno Hatta-Jakarta,2019,September,1630312,1681603,28787
Soekarno Hatta-Jakarta,2020,Agustus,574597,584943,2785
Soekarno Hatta-Jakarta,2020,April,191002,165377,5128
Soekarno Hatta-Jakarta,2020,Desember,931481,911015,104083
Soekarno Hatta-Jakarta,2020,Februari,1551967,1592390,44266
Soekarno Hatta-Jakarta,2020,Januari,1600594,1732689,40206
Soekarno Hatta-Jakarta,2020,Juli,427731,415799,3239
Soekarno Hatta-Jakarta,2020,Juni,174352,182419,5640
Soekarno Hatta-Jakarta,2020,Maret,1211697,1118256,23845
Soekarno Hatta-Jakarta,2020,Mei,27500,33688,680
Soekarno Hatta-Jakarta,2020,November,828893,821804,5276
Soekarno Hatta-Jakarta,2020,Oktober,601391,577226,7502
Soekarno Hatta-Jakarta,2020,September,500591,480555,9770
Soekarno Hatta-Jakarta,2021,Agustus,321287,357782,46187
Soekarno Hatta-Jakarta,2021,April,703135,772335,77630
Soekarno Hatta-Jakarta,2021,Desember,1192278,1197061,125531
Soekarno Hatta-Jakarta,2021,Februari,482132,524397,53627
Soekarno Hatta-Jakarta,2021,Januari,507262,673120,83860
Soekarno Hatta-Jakarta,2021,Juli,249940,264882,31549
Soekarno Hatta-Jakarta,2021,Juni,858770,941540,95657
Soekarno Hatta-Jakarta,2021,Maret,672107,701825,61607
Soekarno Hatta-Jakarta,2021,Mei,598615,650944,99605
Soekarno Hatta-Jakarta,2021,November,974987,1052519,122234
Soekarno Hatta-Jakarta,2021,Oktober,824287,874977,94344
Soekarno Hatta-Jakarta,2021,September,560577,618478,75127
Soekarno Hatta-Jakarta,2022,Agustus,1367804,1425516,54827
Soekarno Hatta-Jakarta,2022,April,1206248,1175936,96754
Soekarno Hatta-Jakarta,2022,Desember,1627832,1520795,23891
Soekarno Hatta-Jakarta,2022,Februari,808614,911234,93569
Soekarno Hatta-Jakarta,2022,Januari,1069185,1241322,131993
Soekarno Hatta-Jakarta,2022,Juli,1566606,1597001,80537
Soekarno Hatta-Jakarta,2022,Juni,1527629,1558715,64797
Soekarno Hatta-Jakarta,2022,Maret,1195183,1301181,118199
Soekarno Hatta-Jakarta,2022,Mei,1561849,1727989,117074
Soekarno Hatta-Jakarta,2022,November,1418906,1401797,12683
Soekarno Hatta-Jakarta,2022,Oktober,1405625,1401693,12763
Soekarno Hatta-Jakarta,2022,September,1310419,1324100,12565
Soekarno Hatta-Jakarta,2023,Agustus,1525937,1561457,25083
Soekarno Hatta-Jakarta,2023,April,1490809,1481733,23982
Soekarno Hatta-Jakarta,2023,Desember,1712363,1653057,31905
Soekarno Hatta-Jakarta,2023,Februari,1295180,1340349,34035
Soekarno Hatta-Jakarta,2023,Januari,1419611,1514709,28912
Soekarno Hatta-Jakarta,2023,Juli,1737637,1759922,24665
Soekarno Hatta-Jakarta,2023,Juni,1608563,1626363,36392
Soekarno Hatta-Jakarta,2023,Maret,1452671,1452393,26994
Soekarno Hatta-Jakarta,2023,Mei,1645124,1726730,35807
Soekarno Hatta-Jakarta,2023,November,1599568,1608502,26281
Soekarno Hatta-Jakarta,2023,Oktober,1582366,1631748,22835
Soekarno Hatta-Jakarta,2023,September,1468845,1495622,21274
Soekarno Hatta-Jakarta,2024,Agustus,1643381,1724914,29585
Soekarno Hatta-Jakarta,2024,April,1606572,1708263,57703
Soekarno Hatta-Jakarta,2024,Desember,1747097,1641262,55547
Soekarno Hatta-Jakarta,2024,Februari,1346856,1412384,36464
Soekarno Hatta-Jakarta,2024,Januari,1377314,1480626,38378
Soekarno Hatta-Jakarta,2024,Juli,1767891,1758303,34085
Soekarno Hatta-Jakarta,2024,Juni,1584802,1631671,41406
Soekarno Hatta-Jakarta,2024,Maret,1362594,1355273,31428
Soekarno Hatta-Jakarta,2024,Mei,1560672,1601700,44056
Soekarno Hatta-Jakarta,2024,November,1473972,1480323,45755
Soekarno Hatta-Jakarta,2024,Oktober,1576731,1617089,39787
Soekarno Hatta-Jakarta,2024,September,1614542,1685953,37184
Soekarno Hatta-Jakarta,2025,Agustus,1402740,1624528,195694
Soekarno Hatta-Jakarta,2025,April,1347120,1652002,213511
Soekarno Hatta-Jakarta,2025,Desember,1585607,1651624,188175
Soekarno Hatta-Jakarta,2025,Februari,1237338,1386144,172567
Soekarno Hatta-Jakarta,2025,Januari,1338527,1551704,207104
Soekarno Hatta-Jakarta,2025,Juli,1481258,1632546,198625
Soekarno Hatta-Jakarta,2025,Juni,1328452,1512056,178120
Soekarno Hatta-Jakarta,2025,Maret,1195292,1225013,183919
Soekarno Hatta-Jakarta,2025,Mei,1218900,1380251,158864
Soekarno Hatta-Jakarta,2025,November,1481678,1624990,176181
Soekarno Hatta-Jakarta,2025,Oktober,1486609,1692941,201279
Soekarno Hatta-Jakarta,2025,September,1326308,1530529,183585
