Bandara Utama Domestik,,,,,,,,,,,,,,,,,,,,,,,,,,,,,,,,,,,,,,,
,Jumlah Penumpang Pesawat (Angkutan Udara) Domestik di 5 Bandara Utama (Orang),,,,,,,,,,,,,,,,,,,,,,,,,,,,,,,,,,,,,,
,Keberangkatan,,,,,,,,,,,,,Kedatangan,,,,,,,,,,,,,Transit,,,,,,,,,,,,
,2025,,,,,,,,,,,,,2025,,,,,,,,,,,,,2025,,,,,,,,,,,,
,Januari,Februari,Maret,April,Mei,Juni,Juli,Agustus,September,Oktober,November,Desember,Tahunan,Januari,Februari,Maret,April,Mei,Juni,Juli,Agustus,September,Oktober,November,Desember,Tahunan,Januari,Februari,Maret,April,Mei,Juni,Juli,Agustus,September,Oktober,November,Desember,Tahunan
Kualanamu-Medan,229419,172982,153608,231530,169183,188617,210656,185075,172751,187469,171338,176338,2248966,204684,160829,192953,201659,170569,192660,204673,179491,172193,190199,182276,225298,2277484,9191,5881,5710,7952,5932,5330,6776,5205,5087,5434,6303,7380,76181
Soekarno Hatta-Jakarta,1338527,1237338,1195292,1347120,1218900,1328452,1481258,1402740,1326308,1486609,1481678,1585607,16429829,1551704,1386144,1225013,1652002,1380251,1512056,1632546,1624528,1530529,1692941,1624990,1651624,18464328,207104,172567,183919,213511,158864,178120,198625,195694,183585,201279,176181,188175,2257624
Juanda-Surabaya,423030,370212,320471,547792,434106,437609,477947,410053,402203,458366,395477,451273,5128539,456144,413403,455309,480005,410821,487662,483527,459763,436586,490801,418524,503482,5496027,43649,28703,24789,28873,41367,42261,43472,40659,35895,45406,44256,50738,470068
Hasanudin-Makassar,256929,214952,191033,284804,207495,246596,275290,245200,236890,257342,249881,244864,2911276,365213,326438,337970,392581,333062,386500,412096,382539,366636,415696,413138,441187,4573056,134086,122301,120545,138700,123654,142435,159378,144175,138434,168870,170003,172029,1734610
Ngurah Rai-Bali,403745,294228,236620,366633,345349,370098,433166,426426,362186,366572,333512,372049,4310584,366265,298983,264567,374022,365836,394644,440356,420818,373447,380917,340489,423023,4443367,13461,14471,17952,21481,15789,16056,17220,15133,17689,13508,10669,10776,184205
Bandara Lainnya,2438409,2113561,2150003,2650966,2148611,2421743,2585064,2403470,2315982,2502455,2379538,2633342,28743144,2527616,2142310,2141868,2789162,2226522,2439216,2738994,2430568,2359137,2571233,2472994,2708771,29548391,96042,86168,84913,111928,96335,107659,128180,111708,114760,133060,134371,131623,1336747
TOTAL,5090059,4403273,4247027,5428845,4523644,4993115,5463381,5072964,4816320,5258813,5011424,5463473,59772338,5471626,4728107,4617680,5889431,4887061,5412738,5912192,5497707,5238528,5741787,5452411,5953385,64802653,503533,430091,437828,522445,441941,491861,553651,512574,495450,567557,541783,560721,6059435